{
  "id":4,
  "name":"Bomber",
  "description":"a very explosive loadout",
  "health":150,
  "speed":105,
  "aim_speed":90,
  "item_color":"aqua",
  "helmet_color":"2593195",
  "style": ["Striker","red"],
  "primary": {
    "type":"launcher",
    "name":"plasma_grenade_launcher",
    "ammo":8,
    "projectile_amount":1,
    "delay":25,
    "reload":50,
    "fire_angle":0,
    "sounds": {
      "shoot":"gun.launcher",
      "reload":"gun.reload"
    },
    "projectile": {
      "name":"plasma_grenade",
      "damage":10,
      "speed":1.25,
      "arc_rate":10,
      "falloff":0,
      "falloffstart":100,
      "heal":0,
      "inaccuracy":0,
      "model":11020004,
      "impact_command":"function classes:bomber/grenade_impact"
    }
  },
  "secondary": {
    "name":"sticky_bomb",
    "duration":5,
    "recharge":60,
    "lore_lines":3
  },
  "tertiary": {
    "name":"detonator",
    "duration":20,
    "recharge":60,
    "lore_lines":2
  },
  "passive":{
    "name":"bomb_voyage",
    "lore_lines":2,
    "command":"execute if entity @s[scores={health=..0}] unless entity @s[team=red,tag=escape] run function classes:bomber/death_impact"
  }
}
