{
  "id":5,
  "name":"Gunner",
  "description":"a tanky, high firepower loadout",
  "health":350,
  "speed":100,
  "aim_speed":90,
  "item_color":"dark_purple",
  "helmet_color":"8462507",
  "style": ["Guardian","green"],
  "primary": {
    "type":"gun",
    "name":"plasma_cannon",
    "ammo":30,
    "projectile_amount":1,
    "delay":1,
    "reload":70,
    "sounds": {
      "shoot":"gun.rifle",
      "reload":"gun.reload"
    },
    "projectile": {
      "name":"cannon",
      "damage":8,
      "speed":0,
      "falloff":1,
      "falloffstart":40,
      "heal":0,
      "inaccuracy":3
    }
  },
  "secondary": {
    "name":"infinite_ammo",
    "duration":20,
    "recharge":600,
    "lore_lines":3,
    "type":"repeat"
  },
  "tertiary": {
    "name":"large_heal",
    "duration":20,
    "recharge":400,
    "lore_lines":2
  },
  "passive":{
    "name":"top",
    "lore_lines":2,
    "command":"execute if entity @s[scores={health=350}] run effect give @s luck 1 25 true"
  }
}
