{
  "id":9,
  "name":"Mechanic",
  "description":"a loadout focused on constructing turrets",
  "health":200,
  "speed":110,
  "aim_speed":95,
  "item_color":"dark_gray",
  "helmet_color":"6513507",
  "style": ["Guardian","green"],
  "primary": {
    "type":"gun",
    "name":"double_chambered_scattergun",
    "ammo":2,
    "projectile_amount":6,
    "delay":15,
    "reload":40,
    "sounds": {
      "shoot":"gun.shotgun",
      "reload":"gun.reload"
    },
    "projectile": {
      "name":"shotgun",
      "damage":8,
      "speed":0,
      "falloff":1,
      "falloffstart":10,
      "heal":0,
      "inaccuracy":7
    }
  },
  "secondary": {
    "name":"turret",
    "duration":100,
    "recharge":600,
    "lore_lines":3
  },
  "tertiary": {
    "name":"wrench",
    "duration":15,
    "recharge":20,
    "lore_lines":3
  },
  "passive":{
    "name":"last_resort",
    "lore_lines":2,
    "command":"function classes:mechanic/last_resort/run"
  }
}
