{
  "id":10,
  "name":"Scientist",
  "description":"a general support loadout",
  "health":150,
  "speed":125,
  "aim_speed":110,
  "item_color":"gray",
  "helmet_color":"11908533",
  "style": ["Sustainer","light_purple"],
  "primary": {
    "type":"launcher",
    "name":"chemsprayer",
    "ammo":6,
    "projectile_amount":3,
    "delay":3,
    "reload":40,
    "fire_angle":0,
    "sounds": {
      "shoot":"gun.chem_launcher",
      "reload":"gun.reload"
    },
    "projectile": {
      "name":"chem",
      "damage":5,
      "speed":2,
      "arc_rate":3,
      "falloff":1,
      "falloffstart":15,
      "heal":0,
      "inaccuracy":5,
      "model":11100004,
      "impact_command":"function classes:scientist/chem_impact"
    }
  },
  "secondary": {
    "name":"healing_machine",
    "duration":200,
    "recharge":400,
    "lore_lines":2
  },
  "tertiary": {
    "name":"medicine",
    "duration":100,
    "recharge":300,
    "lore_lines":3
  },
  "passive":{
    "name":"biohazard",
    "lore_lines":2,
    "command":"execute if entity @s[scores={reload=39}] run function classes:scientist/biohazard/run"
  }
}
