{
  "id":13,
  "name":"Seeker",
  "description":"a loadout focused on seeking single enemies",
  "health":125,
  "speed":130,
  "aim_speed":120,
  "item_color":"dark_red",
  "helmet_color":"7210759",
  "style": ["Striker","red"],
  "primary": {
    "type":"gun",
    "name":"plasma_spreader",
    "ammo":6,
    "projectile_amount":4,
    "delay":5,
    "reload":80,
    "sounds": {
      "shoot":"gun.heavy_shotgun",
      "reload":"gun.reload"
    },
    "projectile": {
      "name":"heavy_shotgun",
      "damage":13,
      "speed":0,
      "falloff":1,
      "falloffstart":10,
      "heal":0,
      "inaccuracy":10
    }
  },
  "secondary": {
    "name":"poison_jab",
    "duration":10,
    "recharge":60,
    "lore_lines":2
  },
  "tertiary": {
    "name":"slow_field",
    "duration":60,
    "recharge":300,
    "lore_lines":2
  },
  "passive":{
    "name":"weak_glow",
    "lore_lines":2,
    "command":"function classes:seeker/weak_glow/run"
  }
}
