{
  "id":14,
  "name":"Shocksmith",
  "description":"an energy focused support loadout",
  "health":150,
  "speed":125,
  "aim_speed":110,
  "item_color":"gold",
  "helmet_color":"16777070",
  "style": ["Sustainer","light_purple"],
  "primary": {
    "type":"launcher",
    "name":"shock_hopper",
    "ammo":6,
    "projectile_amount":1,
    "delay":7,
    "reload":50,
    "fire_angle":0,
    "sounds": {
      "shoot":"gun.shock_launcher",
      "reload":"gun.reload"
    },
    "projectile": {
      "name":"shock_grenade",
      "damage":15,
      "speed":2,
      "arc_rate":8,
      "falloff":1,
      "falloffstart":15,
      "heal":10,
      "inaccuracy":0,
      "model":11140004,
      "impact_command":"function classes:shocksmith/shock_grenade_impact"
    }
  },
  "secondary": {
    "name":"stun",
    "duration":5,
    "recharge":50,
    "lore_lines":2
  },
  "tertiary": {
    "name":"energy_sap",
    "duration":200,
    "recharge":300,
    "lore_lines":3
  },
  "passive":{
    "name":"energy_dispersion",
    "lore_lines":2,
    "command":"execute if entity @s[scores={energy=20..}] run function classes:shocksmith/energy_dispersion/run"
  }
}
