{
  "id":3,
  "name":"Sniper",
  "description":"a long-ranged loadout",
  "health":150,
  "speed":110,
  "aim_speed":0,
  "item_color":"black",
  "helmet_color":"0",
  "style": ["Striker","red"],
  "primary": {
    "type":"gun",
    "name":"star_sniper",
    "ammo":6,
    "projectile_amount":1,
    "delay":15,
    "reload":60,
    "sounds": {
      "shoot":"gun.plasma",
      "reload":"gun.reload"
    },
    "projectile": {
      "name":"sniper",
      "damage":50,
      "speed":0,
      "falloff":-2,
      "falloffstart":10,
      "heal":0,
      "inaccuracy":0
    }
  },
  "secondary": {
    "name":"vis_mine",
    "duration":60,
    "recharge":100,
    "lore_lines":2
  },
  "tertiary": {
    "name":"jump",
    "duration":100,
    "recharge":200,
    "lore_lines":2
  },
  "passive":{
    "name":"distance",
    "lore_lines":2,
    "command":"function classes:sniper/distance/run"
  }
}
